date_time,brawler_name,result,current_trophies,trophy_delta,new_winstreak,playstyle_hash,playstyle_name,playstyle_gamemodes,playstyle_brawlers,pyla_version,power_level
,,,,,,,,,,,
2026-07-19T10:51:12.522339,larrylawrie,victory,0.0,10.0,1.0,d166afbfb53dd241904970eb67dae96b4fc5b815b77c5f6b1a484438369afe5b,Slarckvul RUSH mode - Aggressive,all,all,0.8.14,-1.0
2026-07-19T10:52:50.062247,larrylawrie,victory,10.0,11.0,2.0,d166afbfb53dd241904970eb67dae96b4fc5b815b77c5f6b1a484438369afe5b,Slarckvul RUSH mode - Aggressive,all,all,0.8.14,-1.0
2026-07-19T10:53:57.138603,larrylawrie,victory,21.0,12.0,3.0,d166afbfb53dd241904970eb67dae96b4fc5b815b77c5f6b1a484438369afe5b,Slarckvul RUSH mode - Aggressive,all,all,0.8.14,-1.0
2026-07-19T10:55:25.244091,larrylawrie,victory,33.0,13.0,4.0,d166afbfb53dd241904970eb67dae96b4fc5b815b77c5f6b1a484438369afe5b,Slarckvul RUSH mode - Aggressive,all,all,0.8.14,-1.0
2026-07-19T11:03:21.778270,larrylawrie,victory,46.0,14.0,5.0,d166afbfb53dd241904970eb67dae96b4fc5b815b77c5f6b1a484438369afe5b,Slarckvul RUSH mode - Aggressive,all,all,0.8.14,-1.0
2026-07-19T11:04:12.670870,larrylawrie,victory,60.0,15.0,6.0,d166afbfb53dd241904970eb67dae96b4fc5b815b77c5f6b1a484438369afe5b,Slarckvul RUSH mode - Aggressive,all,all,0.8.14,-1.0
2026-07-19T12:52:32.532540,larrylawrie,victory,75.0,16.0,7.0,d166afbfb53dd241904970eb67dae96b4fc5b815b77c5f6b1a484438369afe5b,Slarckvul RUSH mode - Aggressive,all,all,0.8.14,-1.0
2026-07-19T12:56:24.185234,larrylawrie,victory,91.0,17.0,8.0,d166afbfb53dd241904970eb67dae96b4fc5b815b77c5f6b1a484438369afe5b,Slarckvul RUSH mode - Aggressive,all,all,0.8.14,-1.0
2026-07-19T12:57:34.382891,larrylawrie,victory,108.0,18.0,9.0,d166afbfb53dd241904970eb67dae96b4fc5b815b77c5f6b1a484438369afe5b,Slarckvul RUSH mode - Aggressive,all,all,0.8.14,-1.0
2026-07-19T13:01:02.787735,larrylawrie,victory,126.0,19.0,10.0,d166afbfb53dd241904970eb67dae96b4fc5b815b77c5f6b1a484438369afe5b,Slarckvul RUSH mode - Aggressive,all,all,0.8.14,-1.0
2026-07-19T13:03:18.489107,larrylawrie,victory,145.0,20.0,11.0,d166afbfb53dd241904970eb67dae96b4fc5b815b77c5f6b1a484438369afe5b,Slarckvul RUSH mode - Aggressive,all,all,0.8.14,-1.0
2026-07-19T13:04:14.173353,larrylawrie,victory,165.0,20.0,12.0,d166afbfb53dd241904970eb67dae96b4fc5b815b77c5f6b1a484438369afe5b,Slarckvul RUSH mode - Aggressive,all,all,0.8.14,-1.0
2026-07-19T13:05:12.095711,larrylawrie,victory,185.0,20.0,13.0,d166afbfb53dd241904970eb67dae96b4fc5b815b77c5f6b1a484438369afe5b,Slarckvul RUSH mode - Aggressive,all,all,0.8.14,-1.0
2026-07-19T13:06:09.588725,larrylawrie,defeat,205.0,-1.0,0.0,d166afbfb53dd241904970eb67dae96b4fc5b815b77c5f6b1a484438369afe5b,Slarckvul RUSH mode - Aggressive,all,all,0.8.14,-1.0
2026-07-19T13:07:10.561853,larrylawrie,victory,204.0,10.0,1.0,d166afbfb53dd241904970eb67dae96b4fc5b815b77c5f6b1a484438369afe5b,Slarckvul RUSH mode - Aggressive,all,all,0.8.14,-1.0
2026-07-19T13:08:43.427620,larrylawrie,victory,214.0,11.0,2.0,d166afbfb53dd241904970eb67dae96b4fc5b815b77c5f6b1a484438369afe5b,Slarckvul RUSH mode - Aggressive,all,all,0.8.14,-1.0
2026-07-19T13:17:48.197433,larrylawrie,victory,245.0,20.0,16.0,d166afbfb53dd241904970eb67dae96b4fc5b815b77c5f6b1a484438369afe5b,Slarckvul RUSH mode - Aggressive,all,all,0.8.14,-1.0
2026-07-19T13:19:50.725144,larrylawrie,victory,265.0,20.0,17.0,d166afbfb53dd241904970eb67dae96b4fc5b815b77c5f6b1a484438369afe5b,Slarckvul RUSH mode - Aggressive,all,all,0.8.14,-1.0
2026-07-19T13:20:34.559624,larrylawrie,victory,285.0,20.0,18.0,d166afbfb53dd241904970eb67dae96b4fc5b815b77c5f6b1a484438369afe5b,Slarckvul RUSH mode - Aggressive,all,all,0.8.14,-1.0
2026-07-19T13:21:29.986315,larrylawrie,victory,305.0,20.0,19.0,d166afbfb53dd241904970eb67dae96b4fc5b815b77c5f6b1a484438369afe5b,Slarckvul RUSH mode - Aggressive,all,all,0.8.14,-1.0
2026-07-19T13:22:26.432590,larrylawrie,defeat,325.0,-2.0,0.0,d166afbfb53dd241904970eb67dae96b4fc5b815b77c5f6b1a484438369afe5b,Slarckvul RUSH mode - Aggressive,all,all,0.8.14,-1.0
2026-07-19T13:25:20.652221,shade,victory,0.0,10.0,1.0,d166afbfb53dd241904970eb67dae96b4fc5b815b77c5f6b1a484438369afe5b,Slarckvul RUSH mode - Aggressive,all,all,0.8.14,-1.0
2026-07-19T13:26:33.730646,shade,victory,10.0,11.0,2.0,d166afbfb53dd241904970eb67dae96b4fc5b815b77c5f6b1a484438369afe5b,Slarckvul RUSH mode - Aggressive,all,all,0.8.14,-1.0
2026-07-19T13:27:16.748067,shade,victory,21.0,12.0,3.0,d166afbfb53dd241904970eb67dae96b4fc5b815b77c5f6b1a484438369afe5b,Slarckvul RUSH mode - Aggressive,all,all,0.8.14,-1.0
2026-07-19T13:27:59.414767,shade,victory,33.0,13.0,4.0,d166afbfb53dd241904970eb67dae96b4fc5b815b77c5f6b1a484438369afe5b,Slarckvul RUSH mode - Aggressive,all,all,0.8.14,-1.0
2026-07-19T13:28:49.525627,shade,victory,46.0,14.0,5.0,d166afbfb53dd241904970eb67dae96b4fc5b815b77c5f6b1a484438369afe5b,Slarckvul RUSH mode - Aggressive,all,all,0.8.14,-1.0
2026-07-19T13:29:45.191068,shade,victory,60.0,15.0,6.0,d166afbfb53dd241904970eb67dae96b4fc5b815b77c5f6b1a484438369afe5b,Slarckvul RUSH mode - Aggressive,all,all,0.8.14,-1.0
2026-07-19T13:30:45.321278,shade,victory,75.0,16.0,7.0,d166afbfb53dd241904970eb67dae96b4fc5b815b77c5f6b1a484438369afe5b,Slarckvul RUSH mode - Aggressive,all,all,0.8.14,-1.0
2026-07-19T13:32:14.635251,shade,victory,91.0,17.0,8.0,d166afbfb53dd241904970eb67dae96b4fc5b815b77c5f6b1a484438369afe5b,Slarckvul RUSH mode - Aggressive,all,all,0.8.14,-1.0
2026-07-19T13:35:27.498584,shade,victory,108.0,18.0,9.0,d166afbfb53dd241904970eb67dae96b4fc5b815b77c5f6b1a484438369afe5b,Slarckvul RUSH mode - Aggressive,all,all,0.8.14,-1.0
2026-07-19T13:36:40.004511,shade,victory,126.0,19.0,10.0,d166afbfb53dd241904970eb67dae96b4fc5b815b77c5f6b1a484438369afe5b,Slarckvul RUSH mode - Aggressive,all,all,0.8.14,-1.0
2026-07-19T13:37:37.355998,shade,victory,145.0,20.0,11.0,d166afbfb53dd241904970eb67dae96b4fc5b815b77c5f6b1a484438369afe5b,Slarckvul RUSH mode - Aggressive,all,all,0.8.14,-1.0
2026-07-19T13:38:39.284178,shade,victory,165.0,20.0,12.0,d166afbfb53dd241904970eb67dae96b4fc5b815b77c5f6b1a484438369afe5b,Slarckvul RUSH mode - Aggressive,all,all,0.8.14,-1.0
2026-07-19T13:39:42.845829,shade,victory,185.0,20.0,13.0,d166afbfb53dd241904970eb67dae96b4fc5b815b77c5f6b1a484438369afe5b,Slarckvul RUSH mode - Aggressive,all,all,0.8.14,-1.0
2026-07-19T13:40:40.128138,shade,victory,205.0,20.0,14.0,d166afbfb53dd241904970eb67dae96b4fc5b815b77c5f6b1a484438369afe5b,Slarckvul RUSH mode - Aggressive,all,all,0.8.14,-1.0
2026-07-19T13:41:38.082733,shade,defeat,225.0,-1.0,0.0,d166afbfb53dd241904970eb67dae96b4fc5b815b77c5f6b1a484438369afe5b,Slarckvul RUSH mode - Aggressive,all,all,0.8.14,-1.0
2026-07-19T13:43:25.581572,shade,victory,224.0,10.0,1.0,d166afbfb53dd241904970eb67dae96b4fc5b815b77c5f6b1a484438369afe5b,Slarckvul RUSH mode - Aggressive,all,all,0.8.14,-1.0
2026-07-19T13:45:37.267602,shade,defeat,234.0,-1.0,0.0,d166afbfb53dd241904970eb67dae96b4fc5b815b77c5f6b1a484438369afe5b,Slarckvul RUSH mode - Aggressive,all,all,0.8.14,-1.0
2026-07-19T13:47:18.008233,shade,victory,233.0,10.0,1.0,d166afbfb53dd241904970eb67dae96b4fc5b815b77c5f6b1a484438369afe5b,Slarckvul RUSH mode - Aggressive,all,all,0.8.14,-1.0
2026-07-19T13:49:11.950315,shade,defeat,243.0,-1.0,0.0,d166afbfb53dd241904970eb67dae96b4fc5b815b77c5f6b1a484438369afe5b,Slarckvul RUSH mode - Aggressive,all,all,0.8.14,-1.0
2026-07-19T13:50:37.622828,shade,defeat,242.0,-1.0,0.0,d166afbfb53dd241904970eb67dae96b4fc5b815b77c5f6b1a484438369afe5b,Slarckvul RUSH mode - Aggressive,all,all,0.8.14,-1.0
2026-07-19T13:52:12.292299,shade,victory,241.0,10.0,1.0,d166afbfb53dd241904970eb67dae96b4fc5b815b77c5f6b1a484438369afe5b,Slarckvul RUSH mode - Aggressive,all,all,0.8.14,-1.0
2026-07-19T13:53:31.192514,shade,defeat,251.0,-1.0,0.0,d166afbfb53dd241904970eb67dae96b4fc5b815b77c5f6b1a484438369afe5b,Slarckvul RUSH mode - Aggressive,all,all,0.8.14,-1.0
2026-07-19T13:55:36.499612,shade,victory,250.0,10.0,1.0,d166afbfb53dd241904970eb67dae96b4fc5b815b77c5f6b1a484438369afe5b,Slarckvul RUSH mode - Aggressive,all,all,0.8.14,-1.0
2026-07-19T13:56:28.043067,shade,victory,260.0,11.0,2.0,d166afbfb53dd241904970eb67dae96b4fc5b815b77c5f6b1a484438369afe5b,Slarckvul RUSH mode - Aggressive,all,all,0.8.14,-1.0
2026-07-19T13:58:01.864177,shade,victory,271.0,12.0,3.0,d166afbfb53dd241904970eb67dae96b4fc5b815b77c5f6b1a484438369afe5b,Slarckvul RUSH mode - Aggressive,all,all,0.8.14,-1.0
2026-07-19T13:59:28.158934,shade,victory,283.0,13.0,4.0,d166afbfb53dd241904970eb67dae96b4fc5b815b77c5f6b1a484438369afe5b,Slarckvul RUSH mode - Aggressive,all,all,0.8.14,-1.0
2026-07-19T14:01:05.363282,shade,victory,296.0,14.0,5.0,d166afbfb53dd241904970eb67dae96b4fc5b815b77c5f6b1a484438369afe5b,Slarckvul RUSH mode - Aggressive,all,all,0.8.14,-1.0
2026-07-19T14:02:29.896241,byron,victory,0.0,10.0,1.0,d166afbfb53dd241904970eb67dae96b4fc5b815b77c5f6b1a484438369afe5b,Slarckvul RUSH mode - Aggressive,all,all,0.8.14,-1.0
2026-07-19T14:03:41.162069,byron,victory,10.0,11.0,2.0,d166afbfb53dd241904970eb67dae96b4fc5b815b77c5f6b1a484438369afe5b,Slarckvul RUSH mode - Aggressive,all,all,0.8.14,-1.0
2026-07-19T14:04:58.204312,byron,victory,21.0,12.0,3.0,d166afbfb53dd241904970eb67dae96b4fc5b815b77c5f6b1a484438369afe5b,Slarckvul RUSH mode - Aggressive,all,all,0.8.14,-1.0
2026-07-19T14:06:14.310522,byron,victory,33.0,13.0,4.0,d166afbfb53dd241904970eb67dae96b4fc5b815b77c5f6b1a484438369afe5b,Slarckvul RUSH mode - Aggressive,all,all,0.8.14,-1.0
2026-07-19T14:07:40.125466,byron,defeat,46.0,0.0,0.0,d166afbfb53dd241904970eb67dae96b4fc5b815b77c5f6b1a484438369afe5b,Slarckvul RUSH mode - Aggressive,all,all,0.8.14,-1.0
2026-07-19T14:08:44.855509,byron,victory,46.0,10.0,1.0,d166afbfb53dd241904970eb67dae96b4fc5b815b77c5f6b1a484438369afe5b,Slarckvul RUSH mode - Aggressive,all,all,0.8.14,-1.0
2026-07-19T14:10:13.725143,byron,victory,56.0,11.0,2.0,d166afbfb53dd241904970eb67dae96b4fc5b815b77c5f6b1a484438369afe5b,Slarckvul RUSH mode - Aggressive,all,all,0.8.14,-1.0
2026-07-19T14:11:06.993583,byron,victory,67.0,12.0,3.0,d166afbfb53dd241904970eb67dae96b4fc5b815b77c5f6b1a484438369afe5b,Slarckvul RUSH mode - Aggressive,all,all,0.8.14,-1.0
2026-07-19T14:12:11.599904,byron,victory,79.0,13.0,4.0,d166afbfb53dd241904970eb67dae96b4fc5b815b77c5f6b1a484438369afe5b,Slarckvul RUSH mode - Aggressive,all,all,0.8.14,-1.0
2026-07-19T14:13:12.244390,byron,victory,92.0,14.0,5.0,d166afbfb53dd241904970eb67dae96b4fc5b815b77c5f6b1a484438369afe5b,Slarckvul RUSH mode - Aggressive,all,all,0.8.14,-1.0
2026-07-19T14:14:16.480861,byron,victory,106.0,15.0,6.0,d166afbfb53dd241904970eb67dae96b4fc5b815b77c5f6b1a484438369afe5b,Slarckvul RUSH mode - Aggressive,all,all,0.8.14,-1.0
2026-07-19T14:15:42.579038,byron,victory,121.0,16.0,7.0,d166afbfb53dd241904970eb67dae96b4fc5b815b77c5f6b1a484438369afe5b,Slarckvul RUSH mode - Aggressive,all,all,0.8.14,-1.0
2026-07-19T14:16:31.641212,byron,victory,137.0,17.0,8.0,d166afbfb53dd241904970eb67dae96b4fc5b815b77c5f6b1a484438369afe5b,Slarckvul RUSH mode - Aggressive,all,all,0.8.14,-1.0
2026-07-19T14:17:24.479237,byron,victory,154.0,18.0,9.0,d166afbfb53dd241904970eb67dae96b4fc5b815b77c5f6b1a484438369afe5b,Slarckvul RUSH mode - Aggressive,all,all,0.8.14,-1.0
2026-07-19T14:18:27.267264,byron,defeat,172.0,-1.0,0.0,d166afbfb53dd241904970eb67dae96b4fc5b815b77c5f6b1a484438369afe5b,Slarckvul RUSH mode - Aggressive,all,all,0.8.14,-1.0
2026-07-19T14:20:34.288221,byron,victory,171.0,10.0,1.0,d166afbfb53dd241904970eb67dae96b4fc5b815b77c5f6b1a484438369afe5b,Slarckvul RUSH mode - Aggressive,all,all,0.8.14,-1.0
2026-07-19T14:22:03.471581,byron,victory,181.0,11.0,2.0,d166afbfb53dd241904970eb67dae96b4fc5b815b77c5f6b1a484438369afe5b,Slarckvul RUSH mode - Aggressive,all,all,0.8.14,-1.0
2026-07-19T14:23:55.149037,byron,victory,192.0,12.0,3.0,d166afbfb53dd241904970eb67dae96b4fc5b815b77c5f6b1a484438369afe5b,Slarckvul RUSH mode - Aggressive,all,all,0.8.14,-1.0
2026-07-19T14:25:11.967703,byron,defeat,204.0,-1.0,0.0,d166afbfb53dd241904970eb67dae96b4fc5b815b77c5f6b1a484438369afe5b,Slarckvul RUSH mode - Aggressive,all,all,0.8.14,-1.0
2026-07-19T14:41:33.975577,draco,victory,0.0,10.0,1.0,d166afbfb53dd241904970eb67dae96b4fc5b815b77c5f6b1a484438369afe5b,Slarckvul RUSH mode - Aggressive,all,all,0.8.14,-1.0
2026-07-19T14:43:13.280906,draco,defeat,10.0,0.0,0.0,d166afbfb53dd241904970eb67dae96b4fc5b815b77c5f6b1a484438369afe5b,Slarckvul RUSH mode - Aggressive,all,all,0.8.14,-1.0
2026-07-19T14:44:05.232563,draco,victory,10.0,10.0,1.0,d166afbfb53dd241904970eb67dae96b4fc5b815b77c5f6b1a484438369afe5b,Slarckvul RUSH mode - Aggressive,all,all,0.8.14,-1.0
2026-07-19T14:45:11.859028,draco,defeat,20.0,0.0,0.0,d166afbfb53dd241904970eb67dae96b4fc5b815b77c5f6b1a484438369afe5b,Slarckvul RUSH mode - Aggressive,all,all,0.8.14,-1.0
2026-07-19T14:46:19.066982,draco,victory,20.0,10.0,1.0,d166afbfb53dd241904970eb67dae96b4fc5b815b77c5f6b1a484438369afe5b,Slarckvul RUSH mode - Aggressive,all,all,0.8.14,-1.0
2026-07-19T14:47:07.255289,draco,victory,30.0,11.0,2.0,d166afbfb53dd241904970eb67dae96b4fc5b815b77c5f6b1a484438369afe5b,Slarckvul RUSH mode - Aggressive,all,all,0.8.14,-1.0
2026-07-19T14:47:58.308799,draco,victory,41.0,12.0,3.0,d166afbfb53dd241904970eb67dae96b4fc5b815b77c5f6b1a484438369afe5b,Slarckvul RUSH mode - Aggressive,all,all,0.8.14,-1.0
2026-07-19T14:49:03.519969,draco,victory,53.0,13.0,4.0,d166afbfb53dd241904970eb67dae96b4fc5b815b77c5f6b1a484438369afe5b,Slarckvul RUSH mode - Aggressive,all,all,0.8.14,-1.0
2026-07-19T14:50:09.769004,draco,victory,66.0,14.0,5.0,d166afbfb53dd241904970eb67dae96b4fc5b815b77c5f6b1a484438369afe5b,Slarckvul RUSH mode - Aggressive,all,all,0.8.14,-1.0
2026-07-19T14:50:59.669507,draco,victory,80.0,15.0,6.0,d166afbfb53dd241904970eb67dae96b4fc5b815b77c5f6b1a484438369afe5b,Slarckvul RUSH mode - Aggressive,all,all,0.8.14,-1.0
2026-07-19T14:51:47.874166,draco,victory,95.0,16.0,7.0,d166afbfb53dd241904970eb67dae96b4fc5b815b77c5f6b1a484438369afe5b,Slarckvul RUSH mode - Aggressive,all,all,0.8.14,-1.0
2026-07-19T14:52:38.116643,draco,victory,111.0,17.0,8.0,d166afbfb53dd241904970eb67dae96b4fc5b815b77c5f6b1a484438369afe5b,Slarckvul RUSH mode - Aggressive,all,all,0.8.14,-1.0
2026-07-19T14:53:44.489911,draco,victory,128.0,18.0,9.0,d166afbfb53dd241904970eb67dae96b4fc5b815b77c5f6b1a484438369afe5b,Slarckvul RUSH mode - Aggressive,all,all,0.8.14,-1.0
2026-07-19T14:54:43.607899,draco,victory,146.0,19.0,10.0,d166afbfb53dd241904970eb67dae96b4fc5b815b77c5f6b1a484438369afe5b,Slarckvul RUSH mode - Aggressive,all,all,0.8.14,-1.0
2026-07-19T14:56:06.819255,draco,victory,165.0,20.0,11.0,d166afbfb53dd241904970eb67dae96b4fc5b815b77c5f6b1a484438369afe5b,Slarckvul RUSH mode - Aggressive,all,all,0.8.14,-1.0
2026-07-19T14:57:02.241905,draco,victory,185.0,20.0,12.0,d166afbfb53dd241904970eb67dae96b4fc5b815b77c5f6b1a484438369afe5b,Slarckvul RUSH mode - Aggressive,all,all,0.8.14,-1.0
2026-07-19T14:58:22.648544,draco,defeat,205.0,-1.0,0.0,d166afbfb53dd241904970eb67dae96b4fc5b815b77c5f6b1a484438369afe5b,Slarckvul RUSH mode - Aggressive,all,all,0.8.14,-1.0
2026-07-19T15:00:00.348963,draco,victory,204.0,10.0,1.0,d166afbfb53dd241904970eb67dae96b4fc5b815b77c5f6b1a484438369afe5b,Slarckvul RUSH mode - Aggressive,all,all,0.8.14,-1.0
2026-07-19T15:00:46.633720,draco,victory,214.0,11.0,2.0,d166afbfb53dd241904970eb67dae96b4fc5b815b77c5f6b1a484438369afe5b,Slarckvul RUSH mode - Aggressive,all,all,0.8.14,-1.0
2026-07-19T15:02:25.141766,draco,victory,225.0,12.0,3.0,d166afbfb53dd241904970eb67dae96b4fc5b815b77c5f6b1a484438369afe5b,Slarckvul RUSH mode - Aggressive,all,all,0.8.14,-1.0
2026-07-19T15:03:17.817514,draco,victory,237.0,13.0,4.0,d166afbfb53dd241904970eb67dae96b4fc5b815b77c5f6b1a484438369afe5b,Slarckvul RUSH mode - Aggressive,all,all,0.8.14,-1.0
2026-07-19T15:04:22.406850,draco,defeat,250.0,-1.0,0.0,d166afbfb53dd241904970eb67dae96b4fc5b815b77c5f6b1a484438369afe5b,Slarckvul RUSH mode - Aggressive,all,all,0.8.14,-1.0
2026-07-19T15:05:30.035313,draco,victory,249.0,10.0,1.0,d166afbfb53dd241904970eb67dae96b4fc5b815b77c5f6b1a484438369afe5b,Slarckvul RUSH mode - Aggressive,all,all,0.8.14,-1.0
2026-07-19T15:08:50.935109,draco,defeat,259.0,-1.0,0.0,d166afbfb53dd241904970eb67dae96b4fc5b815b77c5f6b1a484438369afe5b,Slarckvul RUSH mode - Aggressive,all,all,0.8.14,-1.0
2026-07-19T15:11:10.569560,draco,defeat,258.0,-1.0,0.0,d166afbfb53dd241904970eb67dae96b4fc5b815b77c5f6b1a484438369afe5b,Slarckvul RUSH mode - Aggressive,all,all,0.8.14,-1.0
2026-07-19T15:12:56.893872,draco,victory,257.0,10.0,1.0,d166afbfb53dd241904970eb67dae96b4fc5b815b77c5f6b1a484438369afe5b,Slarckvul RUSH mode - Aggressive,all,all,0.8.14,-1.0
2026-07-19T15:16:19.453336,draco,victory,267.0,11.0,2.0,d166afbfb53dd241904970eb67dae96b4fc5b815b77c5f6b1a484438369afe5b,Slarckvul RUSH mode - Aggressive,all,all,0.8.14,-1.0
2026-07-19T15:20:10.218538,draco,victory,278.0,12.0,3.0,d166afbfb53dd241904970eb67dae96b4fc5b815b77c5f6b1a484438369afe5b,Slarckvul RUSH mode - Aggressive,all,all,0.8.14,-1.0
2026-07-19T16:27:31.308919,draco,defeat,290.0,-1.0,0.0,d166afbfb53dd241904970eb67dae96b4fc5b815b77c5f6b1a484438369afe5b,Slarckvul RUSH mode - Aggressive,all,all,0.8.14,-1.0
2026-07-19T16:29:41.913330,draco,victory,289.0,10.0,1.0,d166afbfb53dd241904970eb67dae96b4fc5b815b77c5f6b1a484438369afe5b,Slarckvul RUSH mode - Aggressive,all,all,0.8.14,-1.0
2026-07-19T16:39:22.599127,draco,defeat,299.0,-1.0,0.0,d166afbfb53dd241904970eb67dae96b4fc5b815b77c5f6b1a484438369afe5b,Slarckvul RUSH mode - Aggressive,all,all,0.8.14,-1.0
2026-07-19T16:43:01.067058,draco,victory,298.0,10.0,1.0,d166afbfb53dd241904970eb67dae96b4fc5b815b77c5f6b1a484438369afe5b,Slarckvul RUSH mode - Aggressive,all,all,0.8.14,-1.0
2026-07-19T16:45:12.709623,draco,defeat,308.0,-2.0,0.0,d166afbfb53dd241904970eb67dae96b4fc5b815b77c5f6b1a484438369afe5b,Slarckvul RUSH mode - Aggressive,all,all,0.8.14,-1.0
2026-07-19T16:47:32.222917,jessie,victory,106.0,12.0,3.0,d166afbfb53dd241904970eb67dae96b4fc5b815b77c5f6b1a484438369afe5b,Slarckvul RUSH mode - Aggressive,all,all,0.8.14,-1.0
2026-07-19T17:05:42.063248,jessie,defeat,118.0,-1.0,0.0,d166afbfb53dd241904970eb67dae96b4fc5b815b77c5f6b1a484438369afe5b,Slarckvul RUSH mode - Aggressive,all,all,0.8.14,-1.0
2026-07-19T17:08:50.267386,jessie,victory,117.0,10.0,1.0,d166afbfb53dd241904970eb67dae96b4fc5b815b77c5f6b1a484438369afe5b,Slarckvul RUSH mode - Aggressive,all,all,0.8.14,-1.0
2026-07-19T17:10:43.333851,jessie,victory,127.0,11.0,2.0,d166afbfb53dd241904970eb67dae96b4fc5b815b77c5f6b1a484438369afe5b,Slarckvul RUSH mode - Aggressive,all,all,0.8.14,-1.0
2026-07-19T17:12:45.051076,jessie,defeat,138.0,-1.0,0.0,d166afbfb53dd241904970eb67dae96b4fc5b815b77c5f6b1a484438369afe5b,Slarckvul RUSH mode - Aggressive,all,all,0.8.14,-1.0
2026-07-19T17:16:50.517439,jessie,victory,137.0,10.0,1.0,d166afbfb53dd241904970eb67dae96b4fc5b815b77c5f6b1a484438369afe5b,Slarckvul RUSH mode - Aggressive,all,all,0.8.14,-1.0
2026-07-19T17:27:38.695595,jessie,victory,147.0,11.0,2.0,d166afbfb53dd241904970eb67dae96b4fc5b815b77c5f6b1a484438369afe5b,Slarckvul RUSH mode - Aggressive,all,all,0.8.14,-1.0
2026-07-19T17:30:01.132648,jessie,defeat,158.0,-1.0,0.0,d166afbfb53dd241904970eb67dae96b4fc5b815b77c5f6b1a484438369afe5b,Slarckvul RUSH mode - Aggressive,all,all,0.8.14,-1.0
2026-07-19T17:32:20.798371,jessie,victory,157.0,10.0,1.0,d166afbfb53dd241904970eb67dae96b4fc5b815b77c5f6b1a484438369afe5b,Slarckvul RUSH mode - Aggressive,all,all,0.8.14,-1.0
2026-07-19T17:34:28.743819,jessie,victory,167.0,11.0,2.0,d166afbfb53dd241904970eb67dae96b4fc5b815b77c5f6b1a484438369afe5b,Slarckvul RUSH mode - Aggressive,all,all,0.8.14,-1.0
2026-07-19T17:43:56.392003,jessie,victory,178.0,12.0,3.0,d166afbfb53dd241904970eb67dae96b4fc5b815b77c5f6b1a484438369afe5b,Slarckvul RUSH mode - Aggressive,all,all,0.8.14,-1.0
2026-07-19T17:47:31.180971,jessie,victory,190.0,13.0,4.0,d166afbfb53dd241904970eb67dae96b4fc5b815b77c5f6b1a484438369afe5b,Slarckvul RUSH mode - Aggressive,all,all,0.8.14,-1.0
2026-07-19T17:51:11.071656,jessie,victory,203.0,14.0,5.0,d166afbfb53dd241904970eb67dae96b4fc5b815b77c5f6b1a484438369afe5b,Slarckvul RUSH mode - Aggressive,all,all,0.8.14,-1.0
2026-07-19T17:54:30.673348,jessie,defeat,217.0,-1.0,0.0,d166afbfb53dd241904970eb67dae96b4fc5b815b77c5f6b1a484438369afe5b,Slarckvul RUSH mode - Aggressive,all,all,0.8.14,-1.0
2026-07-19T17:57:53.896515,jessie,victory,216.0,10.0,1.0,d166afbfb53dd241904970eb67dae96b4fc5b815b77c5f6b1a484438369afe5b,Slarckvul RUSH mode - Aggressive,all,all,0.8.14,-1.0
2026-07-19T17:58:38.704405,jessie,victory,226.0,11.0,2.0,d166afbfb53dd241904970eb67dae96b4fc5b815b77c5f6b1a484438369afe5b,Slarckvul RUSH mode - Aggressive,all,all,0.8.14,-1.0
2026-07-19T18:22:22.261953,rico,victory,108.0,18.0,9.0,d166afbfb53dd241904970eb67dae96b4fc5b815b77c5f6b1a484438369afe5b,Slarckvul RUSH mode - Aggressive,all,all,0.8.14,-1.0
2026-07-19T18:24:00.600788,rico,defeat,126.0,-1.0,0.0,d166afbfb53dd241904970eb67dae96b4fc5b815b77c5f6b1a484438369afe5b,Slarckvul RUSH mode - Aggressive,all,all,0.8.14,-1.0
2026-07-19T18:25:37.572364,rico,defeat,125.0,-1.0,0.0,d166afbfb53dd241904970eb67dae96b4fc5b815b77c5f6b1a484438369afe5b,Slarckvul RUSH mode - Aggressive,all,all,0.8.14,-1.0
2026-07-19T18:26:32.415576,rico,victory,124.0,10.0,1.0,d166afbfb53dd241904970eb67dae96b4fc5b815b77c5f6b1a484438369afe5b,Slarckvul RUSH mode - Aggressive,all,all,0.8.14,-1.0
2026-07-19T18:27:33.455028,rico,victory,134.0,11.0,2.0,d166afbfb53dd241904970eb67dae96b4fc5b815b77c5f6b1a484438369afe5b,Slarckvul RUSH mode - Aggressive,all,all,0.8.14,-1.0
2026-07-19T18:28:18.979087,rico,victory,145.0,12.0,3.0,d166afbfb53dd241904970eb67dae96b4fc5b815b77c5f6b1a484438369afe5b,Slarckvul RUSH mode - Aggressive,all,all,0.8.14,-1.0
2026-07-19T18:29:41.901322,rico,victory,157.0,13.0,4.0,d166afbfb53dd241904970eb67dae96b4fc5b815b77c5f6b1a484438369afe5b,Slarckvul RUSH mode - Aggressive,all,all,0.8.14,-1.0
2026-07-19T18:31:58.169678,rico,victory,170.0,14.0,5.0,d166afbfb53dd241904970eb67dae96b4fc5b815b77c5f6b1a484438369afe5b,Slarckvul RUSH mode - Aggressive,all,all,0.8.14,-1.0
2026-07-19T18:32:53.751181,rico,victory,184.0,15.0,6.0,d166afbfb53dd241904970eb67dae96b4fc5b815b77c5f6b1a484438369afe5b,Slarckvul RUSH mode - Aggressive,all,all,0.8.14,-1.0
2026-07-19T18:33:47.626790,rico,victory,199.0,16.0,7.0,d166afbfb53dd241904970eb67dae96b4fc5b815b77c5f6b1a484438369afe5b,Slarckvul RUSH mode - Aggressive,all,all,0.8.14,-1.0
2026-07-19T18:34:35.240189,rico,victory,215.0,17.0,8.0,d166afbfb53dd241904970eb67dae96b4fc5b815b77c5f6b1a484438369afe5b,Slarckvul RUSH mode - Aggressive,all,all,0.8.14,-1.0
2026-07-19T18:37:03.206261,rico,defeat,232.0,-1.0,0.0,d166afbfb53dd241904970eb67dae96b4fc5b815b77c5f6b1a484438369afe5b,Slarckvul RUSH mode - Aggressive,all,all,0.8.14,-1.0
2026-07-19T18:38:04.792503,rico,victory,231.0,10.0,1.0,d166afbfb53dd241904970eb67dae96b4fc5b815b77c5f6b1a484438369afe5b,Slarckvul RUSH mode - Aggressive,all,all,0.8.14,-1.0
2026-07-19T18:39:20.196566,rico,defeat,241.0,-1.0,0.0,d166afbfb53dd241904970eb67dae96b4fc5b815b77c5f6b1a484438369afe5b,Slarckvul RUSH mode - Aggressive,all,all,0.8.14,-1.0
2026-07-19T18:40:51.487014,rico,victory,240.0,10.0,1.0,d166afbfb53dd241904970eb67dae96b4fc5b815b77c5f6b1a484438369afe5b,Slarckvul RUSH mode - Aggressive,all,all,0.8.14,-1.0
2026-07-19T18:44:03.580335,rico,defeat,250.0,-1.0,0.0,d166afbfb53dd241904970eb67dae96b4fc5b815b77c5f6b1a484438369afe5b,Slarckvul RUSH mode - Aggressive,all,all,0.8.14,-1.0
2026-07-19T18:45:35.295799,rico,victory,249.0,10.0,1.0,d166afbfb53dd241904970eb67dae96b4fc5b815b77c5f6b1a484438369afe5b,Slarckvul RUSH mode - Aggressive,all,all,0.8.14,-1.0
2026-07-19T18:47:08.492666,rico,defeat,259.0,-1.0,0.0,d166afbfb53dd241904970eb67dae96b4fc5b815b77c5f6b1a484438369afe5b,Slarckvul RUSH mode - Aggressive,all,all,0.8.14,-1.0
2026-07-19T18:48:46.669849,rico,victory,258.0,10.0,1.0,d166afbfb53dd241904970eb67dae96b4fc5b815b77c5f6b1a484438369afe5b,Slarckvul RUSH mode - Aggressive,all,all,0.8.14,-1.0
2026-07-19T18:51:05.457634,rico,defeat,268.0,-1.0,0.0,d166afbfb53dd241904970eb67dae96b4fc5b815b77c5f6b1a484438369afe5b,Slarckvul RUSH mode - Aggressive,all,all,0.8.14,-1.0
2026-07-19T18:52:15.872027,ruffs,victory,267.0,10.0,1.0,d166afbfb53dd241904970eb67dae96b4fc5b815b77c5f6b1a484438369afe5b,Slarckvul RUSH mode - Aggressive,all,all,0.8.14,-1.0
2026-07-19T19:13:59.779426,ruffs,victory,111.0,13.0,4.0,d166afbfb53dd241904970eb67dae96b4fc5b815b77c5f6b1a484438369afe5b,Slarckvul RUSH mode - Aggressive,all,all,0.8.14,-1.0
2026-07-19T19:14:42.440700,ruffs,victory,124.0,14.0,5.0,d166afbfb53dd241904970eb67dae96b4fc5b815b77c5f6b1a484438369afe5b,Slarckvul RUSH mode - Aggressive,all,all,0.8.14,-1.0
2026-07-19T19:16:14.392693,ruffs,victory,138.0,15.0,6.0,d166afbfb53dd241904970eb67dae96b4fc5b815b77c5f6b1a484438369afe5b,Slarckvul RUSH mode - Aggressive,all,all,0.8.14,-1.0
2026-07-19T19:17:10.623561,ruffs,victory,153.0,16.0,7.0,d166afbfb53dd241904970eb67dae96b4fc5b815b77c5f6b1a484438369afe5b,Slarckvul RUSH mode - Aggressive,all,all,0.8.14,-1.0
2026-07-19T19:18:39.735978,ruffs,victory,169.0,17.0,8.0,d166afbfb53dd241904970eb67dae96b4fc5b815b77c5f6b1a484438369afe5b,Slarckvul RUSH mode - Aggressive,all,all,0.8.14,-1.0
2026-07-19T19:19:24.991628,ruffs,victory,186.0,18.0,9.0,d166afbfb53dd241904970eb67dae96b4fc5b815b77c5f6b1a484438369afe5b,Slarckvul RUSH mode - Aggressive,all,all,0.8.14,-1.0
2026-07-19T19:20:42.913577,ruffs,defeat,204.0,-1.0,0.0,d166afbfb53dd241904970eb67dae96b4fc5b815b77c5f6b1a484438369afe5b,Slarckvul RUSH mode - Aggressive,all,all,0.8.14,-1.0
2026-07-19T19:22:56.560552,ruffs,victory,203.0,10.0,1.0,d166afbfb53dd241904970eb67dae96b4fc5b815b77c5f6b1a484438369afe5b,Slarckvul RUSH mode - Aggressive,all,all,0.8.14,-1.0
2026-07-19T19:25:08.728636,ruffs,victory,213.0,11.0,2.0,d166afbfb53dd241904970eb67dae96b4fc5b815b77c5f6b1a484438369afe5b,Slarckvul RUSH mode - Aggressive,all,all,0.8.14,-1.0
2026-07-19T19:44:08.583601,poco,victory,116.0,15.0,6.0,d166afbfb53dd241904970eb67dae96b4fc5b815b77c5f6b1a484438369afe5b,Slarckvul RUSH mode - Aggressive,all,all,0.8.14,-1.0
2026-07-19T19:45:10.575403,poco,victory,131.0,16.0,7.0,d166afbfb53dd241904970eb67dae96b4fc5b815b77c5f6b1a484438369afe5b,Slarckvul RUSH mode - Aggressive,all,all,0.8.14,-1.0
2026-07-19T19:46:27.784770,poco,victory,147.0,17.0,8.0,d166afbfb53dd241904970eb67dae96b4fc5b815b77c5f6b1a484438369afe5b,Slarckvul RUSH mode - Aggressive,all,all,0.8.14,-1.0
2026-07-19T19:47:19.726878,poco,victory,164.0,18.0,9.0,d166afbfb53dd241904970eb67dae96b4fc5b815b77c5f6b1a484438369afe5b,Slarckvul RUSH mode - Aggressive,all,all,0.8.14,-1.0
2026-07-19T19:48:05.181852,poco,victory,182.0,19.0,10.0,d166afbfb53dd241904970eb67dae96b4fc5b815b77c5f6b1a484438369afe5b,Slarckvul RUSH mode - Aggressive,all,all,0.8.14,-1.0
2026-07-19T19:50:00.751859,poco,defeat,201.0,-1.0,0.0,d166afbfb53dd241904970eb67dae96b4fc5b815b77c5f6b1a484438369afe5b,Slarckvul RUSH mode - Aggressive,all,all,0.8.14,-1.0
2026-07-19T19:50:55.714501,poco,victory,200.0,10.0,1.0,d166afbfb53dd241904970eb67dae96b4fc5b815b77c5f6b1a484438369afe5b,Slarckvul RUSH mode - Aggressive,all,all,0.8.14,-1.0
2026-07-19T19:52:18.222780,poco,victory,210.0,11.0,2.0,d166afbfb53dd241904970eb67dae96b4fc5b815b77c5f6b1a484438369afe5b,Slarckvul RUSH mode - Aggressive,all,all,0.8.14,-1.0
2026-07-19T19:53:39.686460,poco,defeat,221.0,-1.0,0.0,d166afbfb53dd241904970eb67dae96b4fc5b815b77c5f6b1a484438369afe5b,Slarckvul RUSH mode - Aggressive,all,all,0.8.14,-1.0
2026-07-19T20:00:44.327428,poco,victory,220.0,10.0,1.0,d166afbfb53dd241904970eb67dae96b4fc5b815b77c5f6b1a484438369afe5b,Slarckvul RUSH mode - Aggressive,all,all,0.8.14,-1.0
2026-07-19T20:11:56.306200,poco,victory,230.0,11.0,2.0,d166afbfb53dd241904970eb67dae96b4fc5b815b77c5f6b1a484438369afe5b,Slarckvul RUSH mode - Aggressive,all,all,0.8.14,-1.0
2026-07-19T20:48:23.580037,poco,defeat,241.0,-1.0,0.0,d166afbfb53dd241904970eb67dae96b4fc5b815b77c5f6b1a484438369afe5b,Slarckvul RUSH mode - Aggressive,all,all,0.8.14,-1.0
2026-07-19T20:49:45.804945,poco,defeat,240.0,-1.0,0.0,d166afbfb53dd241904970eb67dae96b4fc5b815b77c5f6b1a484438369afe5b,Slarckvul RUSH mode - Aggressive,all,all,0.8.14,-1.0
2026-07-19T20:50:53.028761,poco,victory,239.0,10.0,1.0,d166afbfb53dd241904970eb67dae96b4fc5b815b77c5f6b1a484438369afe5b,Slarckvul RUSH mode - Aggressive,all,all,0.8.14,-1.0
2026-07-19T20:52:18.109882,poco,victory,249.0,11.0,2.0,d166afbfb53dd241904970eb67dae96b4fc5b815b77c5f6b1a484438369afe5b,Slarckvul RUSH mode - Aggressive,all,all,0.8.14,-1.0
2026-07-19T20:54:14.262708,poco,victory,260.0,12.0,3.0,d166afbfb53dd241904970eb67dae96b4fc5b815b77c5f6b1a484438369afe5b,Slarckvul RUSH mode - Aggressive,all,all,0.8.14,-1.0
2026-07-19T20:55:27.533852,poco,victory,272.0,13.0,4.0,d166afbfb53dd241904970eb67dae96b4fc5b815b77c5f6b1a484438369afe5b,Slarckvul RUSH mode - Aggressive,all,all,0.8.14,-1.0
2026-07-19T21:05:12.331751,poco,defeat,285.0,-1.0,0.0,d166afbfb53dd241904970eb67dae96b4fc5b815b77c5f6b1a484438369afe5b,Slarckvul RUSH mode - Aggressive,all,all,0.8.14,-1.0
2026-07-19T21:06:04.369923,poco,victory,284.0,10.0,1.0,d166afbfb53dd241904970eb67dae96b4fc5b815b77c5f6b1a484438369afe5b,Slarckvul RUSH mode - Aggressive,all,all,0.8.14,-1.0
2026-07-19T21:07:23.531535,poco,victory,294.0,11.0,2.0,d166afbfb53dd241904970eb67dae96b4fc5b815b77c5f6b1a484438369afe5b,Slarckvul RUSH mode - Aggressive,all,all,0.8.14,-1.0
2026-07-19T21:09:11.552991,frank,victory,117.0,17.0,8.0,d166afbfb53dd241904970eb67dae96b4fc5b815b77c5f6b1a484438369afe5b,Slarckvul RUSH mode - Aggressive,all,all,0.8.14,-1.0
2026-07-19T21:11:27.428109,frank,defeat,134.0,-1.0,0.0,d166afbfb53dd241904970eb67dae96b4fc5b815b77c5f6b1a484438369afe5b,Slarckvul RUSH mode - Aggressive,all,all,0.8.14,-1.0
2026-07-19T21:12:44.518684,frank,victory,133.0,10.0,1.0,d166afbfb53dd241904970eb67dae96b4fc5b815b77c5f6b1a484438369afe5b,Slarckvul RUSH mode - Aggressive,all,all,0.8.14,-1.0
2026-07-19T21:13:51.607267,frank,victory,143.0,11.0,2.0,d166afbfb53dd241904970eb67dae96b4fc5b815b77c5f6b1a484438369afe5b,Slarckvul RUSH mode - Aggressive,all,all,0.8.14,-1.0
2026-07-19T21:14:49.965699,frank,victory,154.0,12.0,3.0,d166afbfb53dd241904970eb67dae96b4fc5b815b77c5f6b1a484438369afe5b,Slarckvul RUSH mode - Aggressive,all,all,0.8.14,-1.0
2026-07-19T21:16:28.425767,frank,victory,166.0,13.0,4.0,d166afbfb53dd241904970eb67dae96b4fc5b815b77c5f6b1a484438369afe5b,Slarckvul RUSH mode - Aggressive,all,all,0.8.14,-1.0
2026-07-19T21:27:02.864350,frank,victory,179.0,14.0,5.0,d166afbfb53dd241904970eb67dae96b4fc5b815b77c5f6b1a484438369afe5b,Slarckvul RUSH mode - Aggressive,all,all,0.8.14,-1.0
2026-07-19T21:28:11.110606,frank,victory,193.0,15.0,6.0,d166afbfb53dd241904970eb67dae96b4fc5b815b77c5f6b1a484438369afe5b,Slarckvul RUSH mode - Aggressive,all,all,0.8.14,-1.0
2026-07-19T21:30:28.039129,frank,defeat,208.0,-1.0,0.0,d166afbfb53dd241904970eb67dae96b4fc5b815b77c5f6b1a484438369afe5b,Slarckvul RUSH mode - Aggressive,all,all,0.8.14,-1.0
2026-07-19T21:32:25.132132,byron,victory,203.0,10.0,1.0,d166afbfb53dd241904970eb67dae96b4fc5b815b77c5f6b1a484438369afe5b,Slarckvul RUSH mode - Aggressive,all,all,0.8.14,-1.0
2026-07-19T21:33:23.101524,byron,victory,213.0,11.0,2.0,d166afbfb53dd241904970eb67dae96b4fc5b815b77c5f6b1a484438369afe5b,Slarckvul RUSH mode - Aggressive,all,all,0.8.14,-1.0
2026-07-19T21:34:43.237165,byron,victory,224.0,12.0,3.0,d166afbfb53dd241904970eb67dae96b4fc5b815b77c5f6b1a484438369afe5b,Slarckvul RUSH mode - Aggressive,all,all,0.8.14,-1.0
2026-07-19T21:37:21.169532,byron,victory,236.0,13.0,4.0,d166afbfb53dd241904970eb67dae96b4fc5b815b77c5f6b1a484438369afe5b,Slarckvul RUSH mode - Aggressive,all,all,0.8.14,-1.0
2026-07-19T21:39:35.134591,byron,defeat,249.0,-1.0,0.0,d166afbfb53dd241904970eb67dae96b4fc5b815b77c5f6b1a484438369afe5b,Slarckvul RUSH mode - Aggressive,all,all,0.8.14,-1.0
2026-07-19T21:41:30.648276,byron,defeat,248.0,-1.0,0.0,d166afbfb53dd241904970eb67dae96b4fc5b815b77c5f6b1a484438369afe5b,Slarckvul RUSH mode - Aggressive,all,all,0.8.14,-1.0
2026-07-19T21:42:52.677100,byron,victory,247.0,10.0,1.0,d166afbfb53dd241904970eb67dae96b4fc5b815b77c5f6b1a484438369afe5b,Slarckvul RUSH mode - Aggressive,all,all,0.8.14,-1.0
2026-07-19T21:44:39.869707,byron,victory,257.0,11.0,2.0,d166afbfb53dd241904970eb67dae96b4fc5b815b77c5f6b1a484438369afe5b,Slarckvul RUSH mode - Aggressive,all,all,0.8.14,-1.0
2026-07-19T21:54:41.986114,byron,victory,268.0,12.0,3.0,d166afbfb53dd241904970eb67dae96b4fc5b815b77c5f6b1a484438369afe5b,Slarckvul RUSH mode - Aggressive,all,all,0.8.14,-1.0
2026-07-19T21:55:29.769148,byron,victory,280.0,13.0,4.0,d166afbfb53dd241904970eb67dae96b4fc5b815b77c5f6b1a484438369afe5b,Slarckvul RUSH mode - Aggressive,all,all,0.8.14,-1.0
2026-07-19T22:07:51.171405,byron,defeat,293.0,-1.0,0.0,d166afbfb53dd241904970eb67dae96b4fc5b815b77c5f6b1a484438369afe5b,Slarckvul RUSH mode - Aggressive,all,all,0.8.14,-1.0
2026-07-19T22:08:49.215280,byron,victory,292.0,10.0,1.0,d166afbfb53dd241904970eb67dae96b4fc5b815b77c5f6b1a484438369afe5b,Slarckvul RUSH mode - Aggressive,all,all,0.8.14,-1.0
2026-07-19T22:10:26.949554,byron,victory,302.0,11.0,2.0,d166afbfb53dd241904970eb67dae96b4fc5b815b77c5f6b1a484438369afe5b,Slarckvul RUSH mode - Aggressive,all,all,0.8.14,-1.0
2026-07-19T22:12:49.428891,frank,victory,207.0,10.0,1.0,d166afbfb53dd241904970eb67dae96b4fc5b815b77c5f6b1a484438369afe5b,Slarckvul RUSH mode - Aggressive,all,all,0.8.14,-1.0
2026-07-19T22:14:33.923791,frank,victory,217.0,11.0,2.0,d166afbfb53dd241904970eb67dae96b4fc5b815b77c5f6b1a484438369afe5b,Slarckvul RUSH mode - Aggressive,all,all,0.8.14,-1.0
2026-07-19T22:16:39.075652,frank,defeat,228.0,-1.0,0.0,d166afbfb53dd241904970eb67dae96b4fc5b815b77c5f6b1a484438369afe5b,Slarckvul RUSH mode - Aggressive,all,all,0.8.14,-1.0
2026-07-19T22:17:49.137696,frank,victory,227.0,10.0,1.0,d166afbfb53dd241904970eb67dae96b4fc5b815b77c5f6b1a484438369afe5b,Slarckvul RUSH mode - Aggressive,all,all,0.8.14,-1.0
2026-07-19T22:19:14.568197,frank,victory,237.0,11.0,2.0,d166afbfb53dd241904970eb67dae96b4fc5b815b77c5f6b1a484438369afe5b,Slarckvul RUSH mode - Aggressive,all,all,0.8.14,-1.0
2026-07-19T22:20:03.413503,frank,victory,248.0,12.0,3.0,d166afbfb53dd241904970eb67dae96b4fc5b815b77c5f6b1a484438369afe5b,Slarckvul RUSH mode - Aggressive,all,all,0.8.14,-1.0
2026-07-19T22:21:28.797922,frank,defeat,260.0,-1.0,0.0,d166afbfb53dd241904970eb67dae96b4fc5b815b77c5f6b1a484438369afe5b,Slarckvul RUSH mode - Aggressive,all,all,0.8.14,-1.0
2026-07-19T22:23:15.595381,frank,victory,259.0,10.0,1.0,d166afbfb53dd241904970eb67dae96b4fc5b815b77c5f6b1a484438369afe5b,Slarckvul RUSH mode - Aggressive,all,all,0.8.14,-1.0
2026-07-19T22:24:30.528626,frank,victory,269.0,11.0,2.0,d166afbfb53dd241904970eb67dae96b4fc5b815b77c5f6b1a484438369afe5b,Slarckvul RUSH mode - Aggressive,all,all,0.8.14,-1.0
2026-07-19T22:26:01.747160,frank,victory,280.0,12.0,3.0,d166afbfb53dd241904970eb67dae96b4fc5b815b77c5f6b1a484438369afe5b,Slarckvul RUSH mode - Aggressive,all,all,0.8.14,-1.0
2026-07-19T22:36:16.328290,frank,victory,292.0,13.0,4.0,d166afbfb53dd241904970eb67dae96b4fc5b815b77c5f6b1a484438369afe5b,Slarckvul RUSH mode - Aggressive,all,all,0.8.14,-1.0
2026-07-19T22:38:02.256915,ruffs,victory,224.0,12.0,3.0,d166afbfb53dd241904970eb67dae96b4fc5b815b77c5f6b1a484438369afe5b,Slarckvul RUSH mode - Aggressive,all,all,0.8.14,-1.0
2026-07-19T22:38:58.903421,ruffs,victory,236.0,13.0,4.0,d166afbfb53dd241904970eb67dae96b4fc5b815b77c5f6b1a484438369afe5b,Slarckvul RUSH mode - Aggressive,all,all,0.8.14,-1.0
2026-07-19T22:40:37.672146,ruffs,defeat,249.0,-1.0,0.0,d166afbfb53dd241904970eb67dae96b4fc5b815b77c5f6b1a484438369afe5b,Slarckvul RUSH mode - Aggressive,all,all,0.8.14,-1.0
2026-07-19T22:41:45.051145,ruffs,victory,248.0,10.0,1.0,d166afbfb53dd241904970eb67dae96b4fc5b815b77c5f6b1a484438369afe5b,Slarckvul RUSH mode - Aggressive,all,all,0.8.14,-1.0
2026-07-19T22:43:13.254573,ruffs,victory,258.0,11.0,2.0,d166afbfb53dd241904970eb67dae96b4fc5b815b77c5f6b1a484438369afe5b,Slarckvul RUSH mode - Aggressive,all,all,0.8.14,-1.0
2026-07-19T22:44:07.731636,ruffs,defeat,269.0,-1.0,0.0,d166afbfb53dd241904970eb67dae96b4fc5b815b77c5f6b1a484438369afe5b,Slarckvul RUSH mode - Aggressive,all,all,0.8.14,-1.0
2026-07-19T22:55:22.867226,belle,defeat,234.0,-1.0,0.0,d166afbfb53dd241904970eb67dae96b4fc5b815b77c5f6b1a484438369afe5b,Slarckvul RUSH mode - Aggressive,all,all,0.8.14,-1.0
2026-07-19T22:56:30.378495,belle,victory,233.0,10.0,1.0,d166afbfb53dd241904970eb67dae96b4fc5b815b77c5f6b1a484438369afe5b,Slarckvul RUSH mode - Aggressive,all,all,0.8.14,-1.0
2026-07-19T23:08:56.362243,belle,victory,243.0,11.0,2.0,d166afbfb53dd241904970eb67dae96b4fc5b815b77c5f6b1a484438369afe5b,Slarckvul RUSH mode - Aggressive,all,all,0.8.14,-1.0
2026-07-19T23:19:15.160184,belle,victory,254.0,12.0,3.0,d166afbfb53dd241904970eb67dae96b4fc5b815b77c5f6b1a484438369afe5b,Slarckvul RUSH mode - Aggressive,all,all,0.8.14,-1.0
2026-07-19T23:22:15.759937,belle,defeat,266.0,-1.0,0.0,d166afbfb53dd241904970eb67dae96b4fc5b815b77c5f6b1a484438369afe5b,Slarckvul RUSH mode - Aggressive,all,all,0.8.14,-1.0
2026-07-19T23:23:29.064575,belle,victory,265.0,10.0,1.0,d166afbfb53dd241904970eb67dae96b4fc5b815b77c5f6b1a484438369afe5b,Slarckvul RUSH mode - Aggressive,all,all,0.8.14,-1.0
2026-07-19T23:24:26.228474,belle,victory,275.0,11.0,2.0,d166afbfb53dd241904970eb67dae96b4fc5b815b77c5f6b1a484438369afe5b,Slarckvul RUSH mode - Aggressive,all,all,0.8.14,-1.0
2026-07-19T23:26:05.781992,belle,victory,286.0,12.0,3.0,d166afbfb53dd241904970eb67dae96b4fc5b815b77c5f6b1a484438369afe5b,Slarckvul RUSH mode - Aggressive,all,all,0.8.14,-1.0
2026-07-19T23:38:13.926194,belle,victory,298.0,13.0,4.0,d166afbfb53dd241904970eb67dae96b4fc5b815b77c5f6b1a484438369afe5b,Slarckvul RUSH mode - Aggressive,all,all,0.8.14,-1.0
2026-07-19T23:39:25.411492,belle,victory,311.0,14.0,5.0,d166afbfb53dd241904970eb67dae96b4fc5b815b77c5f6b1a484438369afe5b,Slarckvul RUSH mode - Aggressive,all,all,0.8.14,-1.0
2026-07-19T23:41:09.181774,belle,victory,325.0,15.0,6.0,d166afbfb53dd241904970eb67dae96b4fc5b815b77c5f6b1a484438369afe5b,Slarckvul RUSH mode - Aggressive,all,all,0.8.14,-1.0
2026-07-19T23:42:03.715568,belle,defeat,340.0,-2.0,0.0,d166afbfb53dd241904970eb67dae96b4fc5b815b77c5f6b1a484438369afe5b,Slarckvul RUSH mode - Aggressive,all,all,0.8.14,-1.0
2026-07-19T23:43:18.270496,ruffs,victory,268.0,10.0,1.0,d166afbfb53dd241904970eb67dae96b4fc5b815b77c5f6b1a484438369afe5b,Slarckvul RUSH mode - Aggressive,all,all,0.8.14,-1.0
2026-07-19T23:45:38.552411,ruffs,victory,278.0,11.0,2.0,d166afbfb53dd241904970eb67dae96b4fc5b815b77c5f6b1a484438369afe5b,Slarckvul RUSH mode - Aggressive,all,all,0.8.14,-1.0
2026-07-19T23:46:46.536691,ruffs,victory,289.0,12.0,3.0,d166afbfb53dd241904970eb67dae96b4fc5b815b77c5f6b1a484438369afe5b,Slarckvul RUSH mode - Aggressive,all,all,0.8.14,-1.0
2026-07-19T23:47:42.650125,ruffs,defeat,301.0,-2.0,0.0,d166afbfb53dd241904970eb67dae96b4fc5b815b77c5f6b1a484438369afe5b,Slarckvul RUSH mode - Aggressive,all,all,0.8.14,-1.0
2026-07-19T23:49:25.983043,ruffs,victory,299.0,10.0,1.0,d166afbfb53dd241904970eb67dae96b4fc5b815b77c5f6b1a484438369afe5b,Slarckvul RUSH mode - Aggressive,all,all,0.8.14,-1.0
2026-07-19T23:51:54.091452,jessie,victory,237.0,12.0,3.0,d166afbfb53dd241904970eb67dae96b4fc5b815b77c5f6b1a484438369afe5b,Slarckvul RUSH mode - Aggressive,all,all,0.8.14,-1.0
2026-07-19T23:52:56.056348,jessie,victory,249.0,13.0,4.0,d166afbfb53dd241904970eb67dae96b4fc5b815b77c5f6b1a484438369afe5b,Slarckvul RUSH mode - Aggressive,all,all,0.8.14,-1.0
2026-07-20T00:04:27.987516,jessie,victory,262.0,14.0,5.0,d166afbfb53dd241904970eb67dae96b4fc5b815b77c5f6b1a484438369afe5b,Slarckvul RUSH mode - Aggressive,all,all,0.8.14,-1.0
2026-07-20T00:15:26.012061,jessie,victory,276.0,15.0,6.0,d166afbfb53dd241904970eb67dae96b4fc5b815b77c5f6b1a484438369afe5b,Slarckvul RUSH mode - Aggressive,all,all,0.8.14,-1.0
2026-07-20T00:16:31.531998,jessie,defeat,291.0,-1.0,0.0,d166afbfb53dd241904970eb67dae96b4fc5b815b77c5f6b1a484438369afe5b,Slarckvul RUSH mode - Aggressive,all,all,0.8.14,-1.0
2026-07-20T00:17:29.733478,jessie,victory,290.0,10.0,1.0,d166afbfb53dd241904970eb67dae96b4fc5b815b77c5f6b1a484438369afe5b,Slarckvul RUSH mode - Aggressive,all,all,0.8.14,-1.0
2026-07-20T00:19:10.151919,rico,victory,267.0,10.0,1.0,d166afbfb53dd241904970eb67dae96b4fc5b815b77c5f6b1a484438369afe5b,Slarckvul RUSH mode - Aggressive,all,all,0.8.14,-1.0
2026-07-20T00:20:34.655642,rico,victory,277.0,11.0,2.0,d166afbfb53dd241904970eb67dae96b4fc5b815b77c5f6b1a484438369afe5b,Slarckvul RUSH mode - Aggressive,all,all,0.8.14,-1.0
2026-07-20T00:21:30.685572,rico,defeat,288.0,-1.0,0.0,d166afbfb53dd241904970eb67dae96b4fc5b815b77c5f6b1a484438369afe5b,Slarckvul RUSH mode - Aggressive,all,all,0.8.14,-1.0
2026-07-20T00:22:25.846045,rico,victory,287.0,10.0,1.0,d166afbfb53dd241904970eb67dae96b4fc5b815b77c5f6b1a484438369afe5b,Slarckvul RUSH mode - Aggressive,all,all,0.8.14,-1.0
2026-07-20T00:24:15.957865,rico,victory,297.0,11.0,2.0,d166afbfb53dd241904970eb67dae96b4fc5b815b77c5f6b1a484438369afe5b,Slarckvul RUSH mode - Aggressive,all,all,0.8.14,-1.0
2026-07-20T00:25:21.834556,rico,victory,308.0,12.0,3.0,d166afbfb53dd241904970eb67dae96b4fc5b815b77c5f6b1a484438369afe5b,Slarckvul RUSH mode - Aggressive,all,all,0.8.14,-1.0
2026-07-20T00:36:34.920633,rosa,victory,301.0,10.0,1.0,d166afbfb53dd241904970eb67dae96b4fc5b815b77c5f6b1a484438369afe5b,Slarckvul RUSH mode - Aggressive,all,all,0.8.14,-1.0
2026-07-20T00:38:52.491966,rosa,defeat,311.0,-2.0,0.0,d166afbfb53dd241904970eb67dae96b4fc5b815b77c5f6b1a484438369afe5b,Slarckvul RUSH mode - Aggressive,all,all,0.8.14,-1.0
2026-07-20T00:40:24.974640,mortis,defeat,303.0,-2.0,0.0,d166afbfb53dd241904970eb67dae96b4fc5b815b77c5f6b1a484438369afe5b,Slarckvul RUSH mode - Aggressive,all,all,0.8.14,-1.0
2026-07-20T00:41:50.373274,mortis,victory,301.0,10.0,1.0,d166afbfb53dd241904970eb67dae96b4fc5b815b77c5f6b1a484438369afe5b,Slarckvul RUSH mode - Aggressive,all,all,0.8.14,-1.0
2026-07-20T00:51:44.831264,mortis,victory,311.0,11.0,2.0,d166afbfb53dd241904970eb67dae96b4fc5b815b77c5f6b1a484438369afe5b,Slarckvul RUSH mode - Aggressive,all,all,0.8.14,-1.0
2026-07-20T00:53:04.974014,mortis,defeat,322.0,-2.0,0.0,d166afbfb53dd241904970eb67dae96b4fc5b815b77c5f6b1a484438369afe5b,Slarckvul RUSH mode - Aggressive,all,all,0.8.14,-1.0
2026-07-20T00:54:09.378032,mortis,defeat,320.0,-2.0,0.0,d166afbfb53dd241904970eb67dae96b4fc5b815b77c5f6b1a484438369afe5b,Slarckvul RUSH mode - Aggressive,all,all,0.8.14,-1.0
2026-07-20T00:55:13.470592,mortis,defeat,318.0,-2.0,0.0,d166afbfb53dd241904970eb67dae96b4fc5b815b77c5f6b1a484438369afe5b,Slarckvul RUSH mode - Aggressive,all,all,0.8.14,-1.0
2026-07-20T00:56:35.773081,tick,victory,304.0,10.0,1.0,d166afbfb53dd241904970eb67dae96b4fc5b815b77c5f6b1a484438369afe5b,Slarckvul RUSH mode - Aggressive,all,all,0.8.14,-1.0
2026-07-20T01:07:37.251971,tick,victory,314.0,11.0,2.0,d166afbfb53dd241904970eb67dae96b4fc5b815b77c5f6b1a484438369afe5b,Slarckvul RUSH mode - Aggressive,all,all,0.8.14,-1.0
2026-07-20T01:08:26.214990,tick,victory,325.0,12.0,3.0,d166afbfb53dd241904970eb67dae96b4fc5b815b77c5f6b1a484438369afe5b,Slarckvul RUSH mode - Aggressive,all,all,0.8.14,-1.0
2026-07-20T01:10:21.081301,tick,victory,337.0,13.0,4.0,d166afbfb53dd241904970eb67dae96b4fc5b815b77c5f6b1a484438369afe5b,Slarckvul RUSH mode - Aggressive,all,all,0.8.14,-1.0
2026-07-20T01:12:23.731444,tick,defeat,350.0,-2.0,0.0,d166afbfb53dd241904970eb67dae96b4fc5b815b77c5f6b1a484438369afe5b,Slarckvul RUSH mode - Aggressive,all,all,0.8.14,-1.0
2026-07-20T01:15:31.543574,tick,defeat,348.0,-2.0,0.0,d166afbfb53dd241904970eb67dae96b4fc5b815b77c5f6b1a484438369afe5b,Slarckvul RUSH mode - Aggressive,all,all,0.8.14,-1.0
2026-07-20T01:16:38.414888,tick,defeat,346.0,-2.0,0.0,d166afbfb53dd241904970eb67dae96b4fc5b815b77c5f6b1a484438369afe5b,Slarckvul RUSH mode - Aggressive,all,all,0.8.14,-1.0
2026-07-20T01:19:15.111942,rosa,victory,309.0,10.0,1.0,d166afbfb53dd241904970eb67dae96b4fc5b815b77c5f6b1a484438369afe5b,Slarckvul RUSH mode - Aggressive,all,all,0.8.14,-1.0
2026-07-20T01:20:58.107534,rosa,defeat,319.0,-2.0,0.0,d166afbfb53dd241904970eb67dae96b4fc5b815b77c5f6b1a484438369afe5b,Slarckvul RUSH mode - Aggressive,all,all,0.8.14,-1.0
2026-07-20T01:22:56.655473,rosa,defeat,317.0,-2.0,0.0,d166afbfb53dd241904970eb67dae96b4fc5b815b77c5f6b1a484438369afe5b,Slarckvul RUSH mode - Aggressive,all,all,0.8.14,-1.0
2026-07-20T01:43:35.775386,rosa,victory,315.0,10.0,1.0,d166afbfb53dd241904970eb67dae96b4fc5b815b77c5f6b1a484438369afe5b,Slarckvul RUSH mode - Aggressive,all,all,0.8.14,-1.0
2026-07-20T01:44:21.827996,rosa,defeat,325.0,-2.0,0.0,d166afbfb53dd241904970eb67dae96b4fc5b815b77c5f6b1a484438369afe5b,Slarckvul RUSH mode - Aggressive,all,all,0.8.14,-1.0
2026-07-20T01:45:47.267025,rosa,victory,323.0,10.0,1.0,d166afbfb53dd241904970eb67dae96b4fc5b815b77c5f6b1a484438369afe5b,Slarckvul RUSH mode - Aggressive,all,all,0.8.14,-1.0
2026-07-20T07:37:57.592049,rosa,victory,333.0,11.0,2.0,d166afbfb53dd241904970eb67dae96b4fc5b815b77c5f6b1a484438369afe5b,Slarckvul RUSH mode - Aggressive,all,all,0.8.14,-1.0
2026-07-20T07:41:05.653277,8bit,defeat,309.0,-2.0,0.0,d166afbfb53dd241904970eb67dae96b4fc5b815b77c5f6b1a484438369afe5b,Slarckvul RUSH mode - Aggressive,all,all,0.8.14,-1.0
2026-07-20T07:42:06.417045,8bit,defeat,307.0,-2.0,0.0,d166afbfb53dd241904970eb67dae96b4fc5b815b77c5f6b1a484438369afe5b,Slarckvul RUSH mode - Aggressive,all,all,0.8.14,-1.0
2026-07-20T09:18:41.756113,8bit,victory,305.0,10.0,1.0,d166afbfb53dd241904970eb67dae96b4fc5b815b77c5f6b1a484438369afe5b,Slarckvul RUSH mode - Aggressive,all,all,0.8.14,-1.0
2026-07-20T09:30:08.006887,carl,victory,309.0,10.0,1.0,025a4d0d0bbaaa01c2551957d35e3441057a3471626da83a86ea4e384a5ec678,yann universal,all,all,0.8.14,-1.0
2026-07-20T09:30:58.020911,carl,defeat,319.0,-2.0,0.0,025a4d0d0bbaaa01c2551957d35e3441057a3471626da83a86ea4e384a5ec678,yann universal,all,all,0.8.14,-1.0
2026-07-20T09:32:55.786738,carl,victory,317.0,10.0,1.0,025a4d0d0bbaaa01c2551957d35e3441057a3471626da83a86ea4e384a5ec678,yann universal,all,all,0.8.14,-1.0
2026-07-20T09:33:52.589422,carl,defeat,327.0,-2.0,0.0,025a4d0d0bbaaa01c2551957d35e3441057a3471626da83a86ea4e384a5ec678,yann universal,all,all,0.8.14,-1.0
2026-07-20T09:35:05.507713,carl,victory,325.0,10.0,1.0,025a4d0d0bbaaa01c2551957d35e3441057a3471626da83a86ea4e384a5ec678,yann universal,all,all,0.8.14,-1.0
2026-07-20T09:36:17.976069,carl,victory,335.0,11.0,2.0,025a4d0d0bbaaa01c2551957d35e3441057a3471626da83a86ea4e384a5ec678,yann universal,all,all,0.8.14,-1.0
2026-07-20T09:38:40.710755,carl,victory,346.0,12.0,3.0,025a4d0d0bbaaa01c2551957d35e3441057a3471626da83a86ea4e384a5ec678,yann universal,all,all,0.8.14,-1.0
2026-07-20T09:40:07.177316,carl,defeat,358.0,-2.0,0.0,025a4d0d0bbaaa01c2551957d35e3441057a3471626da83a86ea4e384a5ec678,yann universal,all,all,0.8.14,-1.0
2026-07-20T09:43:00.687860,carl,victory,356.0,10.0,1.0,025a4d0d0bbaaa01c2551957d35e3441057a3471626da83a86ea4e384a5ec678,yann universal,all,all,0.8.14,-1.0
2026-07-20T09:44:08.044412,carl,victory,366.0,11.0,2.0,025a4d0d0bbaaa01c2551957d35e3441057a3471626da83a86ea4e384a5ec678,yann universal,all,all,0.8.14,-1.0
2026-07-20T09:45:15.187375,carl,victory,377.0,12.0,3.0,025a4d0d0bbaaa01c2551957d35e3441057a3471626da83a86ea4e384a5ec678,yann universal,all,all,0.8.14,-1.0
2026-07-20T09:48:16.874496,carl,victory,389.0,13.0,4.0,025a4d0d0bbaaa01c2551957d35e3441057a3471626da83a86ea4e384a5ec678,yann universal,all,all,0.8.14,-1.0
2026-07-20T09:49:19.399319,carl,victory,402.0,14.0,5.0,025a4d0d0bbaaa01c2551957d35e3441057a3471626da83a86ea4e384a5ec678,yann universal,all,all,0.8.14,-1.0
2026-07-20T09:50:49.856129,carl,victory,416.0,15.0,6.0,025a4d0d0bbaaa01c2551957d35e3441057a3471626da83a86ea4e384a5ec678,yann universal,all,all,0.8.14,-1.0
2026-07-20T09:53:23.140867,carl,defeat,431.0,-2.0,0.0,025a4d0d0bbaaa01c2551957d35e3441057a3471626da83a86ea4e384a5ec678,yann universal,all,all,0.8.14,-1.0
2026-07-20T09:54:33.679306,carl,defeat,429.0,-2.0,0.0,025a4d0d0bbaaa01c2551957d35e3441057a3471626da83a86ea4e384a5ec678,yann universal,all,all,0.8.14,-1.0
2026-07-20T09:55:38.632318,carl,victory,427.0,10.0,1.0,025a4d0d0bbaaa01c2551957d35e3441057a3471626da83a86ea4e384a5ec678,yann universal,all,all,0.8.14,-1.0
2026-07-20T09:57:57.210537,carl,defeat,437.0,-2.0,0.0,025a4d0d0bbaaa01c2551957d35e3441057a3471626da83a86ea4e384a5ec678,yann universal,all,all,0.8.14,-1.0
2026-07-20T09:59:11.443805,carl,defeat,435.0,-2.0,0.0,025a4d0d0bbaaa01c2551957d35e3441057a3471626da83a86ea4e384a5ec678,yann universal,all,all,0.8.14,-1.0
2026-07-20T10:00:16.466878,carl,victory,433.0,10.0,1.0,025a4d0d0bbaaa01c2551957d35e3441057a3471626da83a86ea4e384a5ec678,yann universal,all,all,0.8.14,-1.0
2026-07-20T10:02:41.957509,carl,defeat,443.0,-2.0,0.0,025a4d0d0bbaaa01c2551957d35e3441057a3471626da83a86ea4e384a5ec678,yann universal,all,all,0.8.14,-1.0
2026-07-20T10:04:05.134855,carl,victory,441.0,10.0,1.0,025a4d0d0bbaaa01c2551957d35e3441057a3471626da83a86ea4e384a5ec678,yann universal,all,all,0.8.14,-1.0
2026-07-20T10:05:13.924047,carl,victory,451.0,11.0,2.0,025a4d0d0bbaaa01c2551957d35e3441057a3471626da83a86ea4e384a5ec678,yann universal,all,all,0.8.14,-1.0
2026-07-20T10:07:37.822054,carl,defeat,462.0,-2.0,0.0,025a4d0d0bbaaa01c2551957d35e3441057a3471626da83a86ea4e384a5ec678,yann universal,all,all,0.8.14,-1.0
2026-07-20T10:11:28.891349,carl,victory,460.0,10.0,1.0,025a4d0d0bbaaa01c2551957d35e3441057a3471626da83a86ea4e384a5ec678,yann universal,all,all,0.8.14,-1.0
2026-07-20T10:21:59.852862,carl,defeat,470.0,-2.0,0.0,025a4d0d0bbaaa01c2551957d35e3441057a3471626da83a86ea4e384a5ec678,yann universal,all,all,0.8.14,-1.0
2026-07-20T10:23:40.698420,carl,victory,468.0,10.0,1.0,025a4d0d0bbaaa01c2551957d35e3441057a3471626da83a86ea4e384a5ec678,yann universal,all,all,0.8.14,-1.0
2026-07-20T10:25:23.129651,carl,victory,478.0,11.0,2.0,025a4d0d0bbaaa01c2551957d35e3441057a3471626da83a86ea4e384a5ec678,yann universal,all,all,0.8.14,-1.0
2026-07-20T10:26:53.793286,carl,defeat,489.0,-2.0,0.0,025a4d0d0bbaaa01c2551957d35e3441057a3471626da83a86ea4e384a5ec678,yann universal,all,all,0.8.14,-1.0
2026-07-20T10:30:24.952303,carl,victory,487.0,10.0,1.0,025a4d0d0bbaaa01c2551957d35e3441057a3471626da83a86ea4e384a5ec678,yann universal,all,all,0.8.14,-1.0
2026-07-20T10:31:22.933371,carl,defeat,497.0,-2.0,0.0,025a4d0d0bbaaa01c2551957d35e3441057a3471626da83a86ea4e384a5ec678,yann universal,all,all,0.8.14,-1.0
2026-07-20T10:33:03.789959,carl,victory,495.0,10.0,1.0,025a4d0d0bbaaa01c2551957d35e3441057a3471626da83a86ea4e384a5ec678,yann universal,all,all,0.8.14,-1.0
2026-07-20T10:34:14.746325,carl,defeat,505.0,-2.0,0.0,025a4d0d0bbaaa01c2551957d35e3441057a3471626da83a86ea4e384a5ec678,yann universal,all,all,0.8.14,-1.0
2026-07-20T10:36:45.334112,bull,victory,310.0,10.0,1.0,025a4d0d0bbaaa01c2551957d35e3441057a3471626da83a86ea4e384a5ec678,yann universal,all,all,0.8.14,-1.0
2026-07-20T10:39:16.251643,bull,victory,320.0,11.0,2.0,025a4d0d0bbaaa01c2551957d35e3441057a3471626da83a86ea4e384a5ec678,yann universal,all,all,0.8.14,-1.0
2026-07-20T10:40:36.696908,bull,victory,331.0,12.0,3.0,025a4d0d0bbaaa01c2551957d35e3441057a3471626da83a86ea4e384a5ec678,yann universal,all,all,0.8.14,-1.0
2026-07-20T10:41:28.629939,bull,defeat,343.0,-2.0,0.0,025a4d0d0bbaaa01c2551957d35e3441057a3471626da83a86ea4e384a5ec678,yann universal,all,all,0.8.14,-1.0
2026-07-20T10:42:58.898884,bull,defeat,341.0,-2.0,0.0,025a4d0d0bbaaa01c2551957d35e3441057a3471626da83a86ea4e384a5ec678,yann universal,all,all,0.8.14,-1.0
2026-07-20T10:45:32.330359,bull,victory,339.0,10.0,1.0,025a4d0d0bbaaa01c2551957d35e3441057a3471626da83a86ea4e384a5ec678,yann universal,all,all,0.8.14,-1.0
2026-07-20T10:47:00.384133,bull,victory,349.0,11.0,2.0,025a4d0d0bbaaa01c2551957d35e3441057a3471626da83a86ea4e384a5ec678,yann universal,all,all,0.8.14,-1.0
2026-07-20T10:49:31.427623,bull,victory,360.0,12.0,3.0,025a4d0d0bbaaa01c2551957d35e3441057a3471626da83a86ea4e384a5ec678,yann universal,all,all,0.8.14,-1.0
2026-07-20T10:52:29.517070,bull,victory,372.0,13.0,4.0,025a4d0d0bbaaa01c2551957d35e3441057a3471626da83a86ea4e384a5ec678,yann universal,all,all,0.8.14,-1.0
2026-07-20T10:54:56.064924,bull,defeat,385.0,-2.0,0.0,025a4d0d0bbaaa01c2551957d35e3441057a3471626da83a86ea4e384a5ec678,yann universal,all,all,0.8.14,-1.0
2026-07-20T11:03:06.850829,bull,victory,383.0,10.0,1.0,025a4d0d0bbaaa01c2551957d35e3441057a3471626da83a86ea4e384a5ec678,yann universal,all,all,0.8.14,-1.0
2026-07-20T11:05:28.267316,bull,defeat,393.0,-2.0,0.0,025a4d0d0bbaaa01c2551957d35e3441057a3471626da83a86ea4e384a5ec678,yann universal,all,all,0.8.14,-1.0
2026-07-20T11:06:44.226771,bull,defeat,391.0,-2.0,0.0,025a4d0d0bbaaa01c2551957d35e3441057a3471626da83a86ea4e384a5ec678,yann universal,all,all,0.8.14,-1.0
2026-07-20T11:08:22.648699,bull,victory,389.0,10.0,1.0,025a4d0d0bbaaa01c2551957d35e3441057a3471626da83a86ea4e384a5ec678,yann universal,all,all,0.8.14,-1.0
2026-07-20T11:10:09.033559,bull,defeat,399.0,-2.0,0.0,025a4d0d0bbaaa01c2551957d35e3441057a3471626da83a86ea4e384a5ec678,yann universal,all,all,0.8.14,-1.0
2026-07-20T11:11:59.611181,bull,victory,397.0,10.0,1.0,025a4d0d0bbaaa01c2551957d35e3441057a3471626da83a86ea4e384a5ec678,yann universal,all,all,0.8.14,-1.0
2026-07-20T11:13:09.679961,bull,defeat,407.0,-2.0,0.0,025a4d0d0bbaaa01c2551957d35e3441057a3471626da83a86ea4e384a5ec678,yann universal,all,all,0.8.14,-1.0
2026-07-20T11:14:10.871689,bull,victory,405.0,10.0,1.0,025a4d0d0bbaaa01c2551957d35e3441057a3471626da83a86ea4e384a5ec678,yann universal,all,all,0.8.14,-1.0
2026-07-20T11:16:57.746128,bull,victory,415.0,11.0,2.0,025a4d0d0bbaaa01c2551957d35e3441057a3471626da83a86ea4e384a5ec678,yann universal,all,all,0.8.14,-1.0
2026-07-20T11:18:12.061969,bull,defeat,426.0,-2.0,0.0,025a4d0d0bbaaa01c2551957d35e3441057a3471626da83a86ea4e384a5ec678,yann universal,all,all,0.8.14,-1.0
2026-07-20T11:19:28.167693,bull,victory,424.0,10.0,1.0,025a4d0d0bbaaa01c2551957d35e3441057a3471626da83a86ea4e384a5ec678,yann universal,all,all,0.8.14,-1.0
2026-07-20T11:21:39.607377,bull,victory,434.0,11.0,2.0,025a4d0d0bbaaa01c2551957d35e3441057a3471626da83a86ea4e384a5ec678,yann universal,all,all,0.8.14,-1.0
2026-07-20T11:29:59.011501,bull,defeat,445.0,-2.0,0.0,025a4d0d0bbaaa01c2551957d35e3441057a3471626da83a86ea4e384a5ec678,yann universal,all,all,0.8.14,-1.0
2026-07-20T11:31:02.894477,bull,victory,443.0,10.0,1.0,025a4d0d0bbaaa01c2551957d35e3441057a3471626da83a86ea4e384a5ec678,yann universal,all,all,0.8.14,-1.0
2026-07-20T11:32:20.536072,bull,victory,453.0,11.0,2.0,025a4d0d0bbaaa01c2551957d35e3441057a3471626da83a86ea4e384a5ec678,yann universal,all,all,0.8.14,-1.0
2026-07-20T11:53:38.939220,bull,defeat,464.0,-2.0,0.0,025a4d0d0bbaaa01c2551957d35e3441057a3471626da83a86ea4e384a5ec678,yann universal,all,all,0.8.14,-1.0
2026-07-20T11:55:28.731512,bull,victory,462.0,10.0,1.0,025a4d0d0bbaaa01c2551957d35e3441057a3471626da83a86ea4e384a5ec678,yann universal,all,all,0.8.14,-1.0
2026-07-20T11:56:59.600427,bull,defeat,472.0,-2.0,0.0,025a4d0d0bbaaa01c2551957d35e3441057a3471626da83a86ea4e384a5ec678,yann universal,all,all,0.8.14,-1.0
2026-07-20T11:59:59.566254,bull,defeat,470.0,-2.0,0.0,025a4d0d0bbaaa01c2551957d35e3441057a3471626da83a86ea4e384a5ec678,yann universal,all,all,0.8.14,-1.0
2026-07-20T12:00:55.143822,bull,victory,468.0,10.0,1.0,025a4d0d0bbaaa01c2551957d35e3441057a3471626da83a86ea4e384a5ec678,yann universal,all,all,0.8.14,-1.0
2026-07-20T12:02:23.278576,bull,defeat,478.0,-2.0,0.0,025a4d0d0bbaaa01c2551957d35e3441057a3471626da83a86ea4e384a5ec678,yann universal,all,all,0.8.14,-1.0
2026-07-20T12:03:45.658713,bull,victory,476.0,10.0,1.0,025a4d0d0bbaaa01c2551957d35e3441057a3471626da83a86ea4e384a5ec678,yann universal,all,all,0.8.14,-1.0
2026-07-20T12:04:40.967049,bull,defeat,486.0,-2.0,0.0,025a4d0d0bbaaa01c2551957d35e3441057a3471626da83a86ea4e384a5ec678,yann universal,all,all,0.8.14,-1.0
2026-07-20T12:07:43.778048,bull,defeat,484.0,-2.0,0.0,025a4d0d0bbaaa01c2551957d35e3441057a3471626da83a86ea4e384a5ec678,yann universal,all,all,0.8.14,-1.0
2026-07-20T12:08:36.261167,bull,victory,482.0,10.0,1.0,025a4d0d0bbaaa01c2551957d35e3441057a3471626da83a86ea4e384a5ec678,yann universal,all,all,0.8.14,-1.0
2026-07-20T12:09:57.248286,bull,defeat,492.0,-2.0,0.0,025a4d0d0bbaaa01c2551957d35e3441057a3471626da83a86ea4e384a5ec678,yann universal,all,all,0.8.14,-1.0
2026-07-20T12:12:02.312787,stu,victory,313.0,10.0,1.0,025a4d0d0bbaaa01c2551957d35e3441057a3471626da83a86ea4e384a5ec678,yann universal,all,all,0.8.14,-1.0
2026-07-20T12:13:35.933437,stu,defeat,323.0,-2.0,0.0,025a4d0d0bbaaa01c2551957d35e3441057a3471626da83a86ea4e384a5ec678,yann universal,all,all,0.8.14,-1.0
2026-07-20T12:16:31.823885,stu,defeat,321.0,-2.0,0.0,025a4d0d0bbaaa01c2551957d35e3441057a3471626da83a86ea4e384a5ec678,yann universal,all,all,0.8.14,-1.0
2026-07-20T13:41:19.268235,penny,victory,314.0,13.0,4.0,025a4d0d0bbaaa01c2551957d35e3441057a3471626da83a86ea4e384a5ec678,yann universal,all,all,0.8.14,-1.0
2026-07-20T13:42:39.289851,penny,defeat,327.0,-2.0,0.0,025a4d0d0bbaaa01c2551957d35e3441057a3471626da83a86ea4e384a5ec678,yann universal,all,all,0.8.14,-1.0
2026-07-20T13:44:08.549441,gale,defeat,314.0,-2.0,0.0,025a4d0d0bbaaa01c2551957d35e3441057a3471626da83a86ea4e384a5ec678,yann universal,all,all,0.8.14,-1.0
2026-07-20T13:45:35.449918,shade,victory,315.0,15.0,6.0,025a4d0d0bbaaa01c2551957d35e3441057a3471626da83a86ea4e384a5ec678,yann universal,all,all,0.8.14,-1.0
2026-07-20T13:47:19.679580,shade,victory,330.0,16.0,7.0,025a4d0d0bbaaa01c2551957d35e3441057a3471626da83a86ea4e384a5ec678,yann universal,all,all,0.8.14,-1.0
2026-07-20T13:48:21.976843,shade,defeat,346.0,-2.0,0.0,025a4d0d0bbaaa01c2551957d35e3441057a3471626da83a86ea4e384a5ec678,yann universal,all,all,0.8.14,-1.0
2026-07-20T13:50:32.380544,gale,victory,312.0,10.0,1.0,025a4d0d0bbaaa01c2551957d35e3441057a3471626da83a86ea4e384a5ec678,yann universal,all,all,0.8.14,-1.0
2026-07-20T13:54:40.670243,gale,victory,322.0,11.0,2.0,025a4d0d0bbaaa01c2551957d35e3441057a3471626da83a86ea4e384a5ec678,yann universal,all,all,0.8.14,-1.0
2026-07-20T13:56:08.111849,gale,defeat,333.0,-2.0,0.0,025a4d0d0bbaaa01c2551957d35e3441057a3471626da83a86ea4e384a5ec678,yann universal,all,all,0.8.14,-1.0
2026-07-20T13:58:09.888465,mortis,defeat,316.0,-2.0,0.0,025a4d0d0bbaaa01c2551957d35e3441057a3471626da83a86ea4e384a5ec678,yann universal,all,all,0.8.14,-1.0
2026-07-20T13:59:58.822235,pam,victory,317.0,10.0,1.0,025a4d0d0bbaaa01c2551957d35e3441057a3471626da83a86ea4e384a5ec678,yann universal,all,all,0.8.14,-1.0
2026-07-20T14:01:14.819472,pam,victory,327.0,11.0,2.0,025a4d0d0bbaaa01c2551957d35e3441057a3471626da83a86ea4e384a5ec678,yann universal,all,all,0.8.14,-1.0
2026-07-20T14:02:35.758191,pam,victory,338.0,12.0,3.0,025a4d0d0bbaaa01c2551957d35e3441057a3471626da83a86ea4e384a5ec678,yann universal,all,all,0.8.14,-1.0
2026-07-20T14:04:50.242564,pam,victory,350.0,13.0,4.0,025a4d0d0bbaaa01c2551957d35e3441057a3471626da83a86ea4e384a5ec678,yann universal,all,all,0.8.14,-1.0
2026-07-20T14:06:06.854156,pam,victory,363.0,14.0,5.0,025a4d0d0bbaaa01c2551957d35e3441057a3471626da83a86ea4e384a5ec678,yann universal,all,all,0.8.14,-1.0
2026-07-20T14:08:59.075577,pam,victory,377.0,15.0,6.0,025a4d0d0bbaaa01c2551957d35e3441057a3471626da83a86ea4e384a5ec678,yann universal,all,all,0.8.14,-1.0
